DataAcc,SpecAcc,Age,RunID,ZTime,gtype,light,temp,sampleID,header_,ZTime_int,fname_,date,genome,tophatOpt,trimmoOpt,type,bname,sampleCode,mapped_reads,total_reads,runID
177RS1,Ath,unknown,177R,ZT12,ELF3-OX AT,,22C,S1,,12,/media/pw_synology3/PW_HiSeq_data/RNA-seq/Mapped_data/177R_Q/177RQ-177R-737-ELF3-ox-1480-ZT12-22C_S1_fastq_gz-A_thaliana__TAIR10__Lexogen_QuantSeq_2_2_3_FWD-1a26aa47-30a4-4dff-a004-3c63db4f1221_output-folder/star_out/177R-737-ELF3-ox-1480-ZT12-22C_S1.fastq.gz/read_counts.tsv,,,,,,177R-737-ELF3-ox-1480-ZT12-22C_S1,737,20035179.0,22361487.0,177R
177RS2,Ath,unknown,177R,ZT12,ELF4 X ELF3-OX,,22C,S2,,12,/media/pw_synology3/PW_HiSeq_data/RNA-seq/Mapped_data/177R_Q/177RQ-177R-738-elf4-2-x-ELF3-ox-1481-ZT12-22C_S2_fastq_gz-A_thaliana__TAIR10__Lexogen_QuantSeq_2_2_3_FWD-99051bd6-c69e-4887-922d-680060027349_output-folder/star_out/177R-738-elf4-2-x-ELF3-ox-1481-ZT12-22C_S2.fastq.gz/read_counts.tsv,,,,,,177R-738-elf4-2-x-ELF3-ox-1481-ZT12-22C_S2,738,10592876.0,12857801.0,177R
177RS3,Ath,unknown,177R,ZT12,ELF3,,27C,S3,,12,/media/pw_synology3/PW_HiSeq_data/RNA-seq/Mapped_data/177R_Q/177RQ-177R-739-elf3-1-ZT12-27C_S3_fastq_gz-A_thaliana__TAIR10__Lexogen_QuantSeq_2_2_3_FWD-099891b8-bf7c-4d85-b4b7-838973029cb3_output-folder/star_out/177R-739-elf3-1-ZT12-27C_S3.fastq.gz/read_counts.tsv,,,,,,177R-739-elf3-1-ZT12-27C_S3,739,10640719.0,13315520.0,177R
177RS4,Ath,unknown,177R,ZT12,ELF4,,27C,S4,,12,/media/pw_synology3/PW_HiSeq_data/RNA-seq/Mapped_data/177R_Q/177RQ-177R-740-elf4-2-ZT12-27C_S4_fastq_gz-A_thaliana__TAIR10__Lexogen_QuantSeq_2_2_3_FWD-1f87027e-bb74-4bc5-989c-e326dcf743a1_output-folder/star_out/177R-740-elf4-2-ZT12-27C_S4.fastq.gz/read_counts.tsv,,,,,,177R-740-elf4-2-ZT12-27C_S4,740,13050691.0,14361143.0,177R
177RS5,Ath,unknown,177R,ZT12,ELF4-OX,,27C,S5,,12,/media/pw_synology3/PW_HiSeq_data/RNA-seq/Mapped_data/177R_Q/177RQ-177R-741-ELF4-ox-1462-ZT12-27C_S5_fastq_gz-A_thaliana__TAIR10__Lexogen_QuantSeq_2_2_3_FWD-23ed44bc-19f5-4b15-88cb-eac39a8d4338_output-folder/star_out/177R-741-ELF4-ox-1462-ZT12-27C_S5.fastq.gz/read_counts.tsv,,,,,,177R-741-ELF4-ox-1462-ZT12-27C_S5,741,13218392.0,14781332.0,177R
177RS6,Ath,unknown,177R,ZT12,ELF3 X ELF4-OX,,27C,S6,,12,/media/pw_synology3/PW_HiSeq_data/RNA-seq/Mapped_data/177R_Q/177RQ-177R-742-elf3-1-x-ELF4-ox-1463-ZT12-27C_S6_fastq_gz-A_thaliana__TAIR10__Lexogen_QuantSeq_2_2_3_FWD-96cbf347-4eaf-402c-9e37-00c41186f71e_output-folder/star_out/177R-742-elf3-1-x-ELF4-ox-1463-ZT12-27C_S6.fastq.gz/read_counts.tsv,,,,,,177R-742-elf3-1-x-ELF4-ox-1463-ZT12-27C_S6,742,15255659.0,17397603.0,177R
177RS7,Ath,unknown,177R,ZT12,ELF3-OX AT,,27C,S7,,12,/media/pw_synology3/PW_HiSeq_data/RNA-seq/Mapped_data/177R_Q/177RQ-177R-743-ELF3-ox-1480-ZT12-27C_S7_fastq_gz-A_thaliana__TAIR10__Lexogen_QuantSeq_2_2_3_FWD-e9fe4e79-0af3-4773-8f7e-cb0afb0a2bec_output-folder/star_out/177R-743-ELF3-ox-1480-ZT12-27C_S7.fastq.gz/read_counts.tsv,,,,,,177R-743-ELF3-ox-1480-ZT12-27C_S7,743,12088679.0,13361860.0,177R
177RS8,Ath,unknown,177R,ZT12,ELF4 X ELF3-OX,,27C,S8,,12,/media/pw_synology3/PW_HiSeq_data/RNA-seq/Mapped_data/177R_Q/177RQ-177R-744-elf4-2-x-ELF3-ox-1481-ZT12-27C_S8_fastq_gz-A_thaliana__TAIR10__Lexogen_QuantSeq_2_2_3_FWD-d220b58f-618e-4eee-9a27-3d4c4dbb2982_output-folder/star_out/177R-744-elf4-2-x-ELF3-ox-1481-ZT12-27C_S8.fastq.gz/read_counts.tsv,,,,,,177R-744-elf4-2-x-ELF3-ox-1481-ZT12-27C_S8,744,15952118.0,17682840.0,177R
177RS9,Ath,unknown,177R,ZT8,Q0-2,,22C,S9,,8,/media/pw_synology3/PW_HiSeq_data/RNA-seq/Mapped_data/177R_Q/177RQ-177R-745-Q0-2-ZT8-22C_S9_fastq_gz-A_thaliana__TAIR10__Lexogen_QuantSeq_2_2_3_FWD-0a92caaa-cef6-4bbb-b448-1191966a47d9_output-folder/star_out/177R-745-Q0-2-ZT8-22C_S9.fastq.gz/read_counts.tsv,,,,,,177R-745-Q0-2-ZT8-22C_S9,745,16637923.0,23312752.0,177R
177RS10,Ath,unknown,177R,ZT12,Q0-15,,27C,S10,,12,/media/pw_synology3/PW_HiSeq_data/RNA-seq/Mapped_data/177R_Q/177RQ-177R-764-Q0-15-ZT12-27C_S10_fastq_gz-A_thaliana__TAIR10__Lexogen_QuantSeq_2_2_3_FWD-af4a65e0-4325-477c-a0a1-150ed1095d11_output-folder/star_out/177R-764-Q0-15-ZT12-27C_S10.fastq.gz/read_counts.tsv,,,,,,177R-764-Q0-15-ZT12-27C_S10,764,20587751.0,27903383.0,177R
177RS12,Ath,unknown,177R,ZT8,Q7-17,,22C,S12,,8,/media/pw_synology3/PW_HiSeq_data/RNA-seq/Mapped_data/177R_Q/177RQ-177R-748-Q7-17-ZT8-22C_S12_fastq_gz-A_thaliana__TAIR10__Lexogen_QuantSeq_2_2_3_FWD-f54fcecb-db9c-4ed9-9374-5c016bc93780_output-folder/star_out/177R-748-Q7-17-ZT8-22C_S12.fastq.gz/read_counts.tsv,,,,,,177R-748-Q7-17-ZT8-22C_S12,748,24764856.0,26530063.0,177R
177RS13,Ath,unknown,177R,ZT8,Q21-7,,22C,S13,,8,/media/pw_synology3/PW_HiSeq_data/RNA-seq/Mapped_data/177R_Q/177RQ-177R-749-Q21-7-ZT8-22C_S13_fastq_gz-A_thaliana__TAIR10__Lexogen_QuantSeq_2_2_3_FWD-dedea8e0-dd9c-4941-a5c8-091180338b78_output-folder/star_out/177R-749-Q21-7-ZT8-22C_S13.fastq.gz/read_counts.tsv,,,,,,177R-749-Q21-7-ZT8-22C_S13,749,17922113.0,19822359.0,177R
177RS14,Ath,unknown,177R,ZT8,Q0-2,,27C,S14,,8,/media/pw_synology3/PW_HiSeq_data/RNA-seq/Mapped_data/177R_Q/177RQ-177R-751-Q0-2-ZT8-27C_S14_fastq_gz-A_thaliana__TAIR10__Lexogen_QuantSeq_2_2_3_FWD-0fd51be0-bdea-4d59-8f22-88b102d7f22f_output-folder/star_out/177R-751-Q0-2-ZT8-27C_S14.fastq.gz/read_counts.tsv,,,,,,177R-751-Q0-2-ZT8-27C_S14,751,14593635.0,19597211.0,177R
177RS15,Ath,unknown,177R,ZT8,Q0-15,,27C,S15,,8,/media/pw_synology3/PW_HiSeq_data/RNA-seq/Mapped_data/177R_Q/177RQ-177R-752-Q0-15-ZT8-27C_S15_fastq_gz-A_thaliana__TAIR10__Lexogen_QuantSeq_2_2_3_FWD-1de3a315-7121-44f2-a7ac-a66315d03242_output-folder/star_out/177R-752-Q0-15-ZT8-27C_S15.fastq.gz/read_counts.tsv,,,,,,177R-752-Q0-15-ZT8-27C_S15,752,18911238.0,20997864.0,177R
177RS16,Ath,unknown,177R,ZT8,Q7-6,,27C,S16,,8,/media/pw_synology3/PW_HiSeq_data/RNA-seq/Mapped_data/177R_Q/177RQ-177R-753-Q7-6-ZT8-27C_S16_fastq_gz-A_thaliana__TAIR10__Lexogen_QuantSeq_2_2_3_FWD-1c39ac7f-aa00-494b-8d85-97f8491b52f7_output-folder/star_out/177R-753-Q7-6-ZT8-27C_S16.fastq.gz/read_counts.tsv,,,,,,177R-753-Q7-6-ZT8-27C_S16,753,27579947.0,31622283.0,177R
177RS17,Ath,unknown,177R,ZT8,Q7-17,,27C,S17,,8,/media/pw_synology3/PW_HiSeq_data/RNA-seq/Mapped_data/177R_Q/177RQ-177R-754-Q7-17-ZT8-27C_S17_fastq_gz-A_thaliana__TAIR10__Lexogen_QuantSeq_2_2_3_FWD-b8f8c33e-c379-43ab-bd05-9f29205d5b16_output-folder/star_out/177R-754-Q7-17-ZT8-27C_S17.fastq.gz/read_counts.tsv,,,,,,177R-754-Q7-17-ZT8-27C_S17,754,12975884.0,20228769.0,177R
177RS18,Ath,unknown,177R,ZT8,Q21-7,,27C,S18,,8,/media/pw_synology3/PW_HiSeq_data/RNA-seq/Mapped_data/177R_Q/177RQ-177R-755-Q21-7-ZT8-27C_S18_fastq_gz-A_thaliana__TAIR10__Lexogen_QuantSeq_2_2_3_FWD-9d7028b0-6984-4baf-a703-fc0c8e63af77_output-folder/star_out/177R-755-Q21-7-ZT8-27C_S18.fastq.gz/read_counts.tsv,,,,,,177R-755-Q21-7-ZT8-27C_S18,755,13418848.0,17132384.0,177R
177RS20,Ath,unknown,177R,ZT12,Q0-2,,22C,S20,,12,/media/pw_synology3/PW_HiSeq_data/RNA-seq/Mapped_data/177R_Q/177RQ-177R-757-Q0-2-ZT12-22C_S20_fastq_gz-A_thaliana__TAIR10__Lexogen_QuantSeq_2_2_3_FWD-0c69bf48-eaf6-4960-8aa7-4c0fb8928ecc_output-folder/star_out/177R-757-Q0-2-ZT12-22C_S20.fastq.gz/read_counts.tsv,,,,,,177R-757-Q0-2-ZT12-22C_S20,757,7261617.0,11881902.0,177R
177RS21,Ath,unknown,177R,ZT12,Q0-15,,22C,S21,,12,/media/pw_synology3/PW_HiSeq_data/RNA-seq/Mapped_data/177R_Q/177RQ-177R-758-Q0-15-ZT12-22C_S21_fastq_gz-A_thaliana__TAIR10__Lexogen_QuantSeq_2_2_3_FWD-6772c819-43c4-41cb-9cc4-6c95fa2b1a78_output-folder/star_out/177R-758-Q0-15-ZT12-22C_S21.fastq.gz/read_counts.tsv,,,,,,177R-758-Q0-15-ZT12-22C_S21,758,11712698.0,13566077.0,177R
177RS22,Ath,unknown,177R,ZT12,Q7-6,,22C,S22,,12,/media/pw_synology3/PW_HiSeq_data/RNA-seq/Mapped_data/177R_Q/177RQ-177R-759-Q7-6-ZT12-22C_S22_fastq_gz-A_thaliana__TAIR10__Lexogen_QuantSeq_2_2_3_FWD-ebcee5af-0f4d-44f7-9dbe-94a9ced4e026_output-folder/star_out/177R-759-Q7-6-ZT12-22C_S22.fastq.gz/read_counts.tsv,,,,,,177R-759-Q7-6-ZT12-22C_S22,759,14655292.0,19431798.0,177R
177RS23,Ath,unknown,177R,ZT12,Q7-17,,22C,S23,,12,/media/pw_synology3/PW_HiSeq_data/RNA-seq/Mapped_data/177R_Q/177RQ-177R-760-Q7-17-ZT12-22C_S23_fastq_gz-A_thaliana__TAIR10__Lexogen_QuantSeq_2_2_3_FWD-17349977-d8c5-4563-abf2-efc123cabe4f_output-folder/star_out/177R-760-Q7-17-ZT12-22C_S23.fastq.gz/read_counts.tsv,,,,,,177R-760-Q7-17-ZT12-22C_S23,760,8811228.0,12662031.0,177R
177RS24,Ath,unknown,177R,ZT12,Q21-7,,22C,S24,,12,/media/pw_synology3/PW_HiSeq_data/RNA-seq/Mapped_data/177R_Q/177RQ-177R-761-Q21-7-ZT12-22C_S24_fastq_gz-A_thaliana__TAIR10__Lexogen_QuantSeq_2_2_3_FWD-155696aa-c43f-46f3-9f54-dbace57fb79b_output-folder/star_out/177R-761-Q21-7-ZT12-22C_S24.fastq.gz/read_counts.tsv,,,,,,177R-761-Q21-7-ZT12-22C_S24,761,25649275.0,30421351.0,177R
178RS1,Ath,unknown,178R,ZT8,ELF3,,22C,S1,,8,/media/pw_synology3/PW_HiSeq_data/RNA-seq/Mapped_data/178R_Q/178R-721-elf3-1-ZT8-22C_S1_fastq_gz-A_thaliana__TAIR10__Lexogen_QuantSeq_2_2_3_FWD-5dedeca2-57de-40e1-b787-4f4d99b085c0_output-folder/star_out/178R-721-elf3-1-ZT8-22C_S1.fastq.gz/read_counts.tsv,,,,,,178R-721-elf3-1-ZT8-22C_S1,721,11895018.0,13730348.0,178R
178RS2,Ath,unknown,178R,ZT8,ELF4,,22C,S2,,8,/media/pw_synology3/PW_HiSeq_data/RNA-seq/Mapped_data/178R_Q/178R-722-elf4-2-ZT8-22C_S2_fastq_gz-A_thaliana__TAIR10__Lexogen_QuantSeq_2_2_3_FWD-e10f8e72-04b6-4e26-8143-8b75eea5dbd6_output-folder/star_out/178R-722-elf4-2-ZT8-22C_S2.fastq.gz/read_counts.tsv,,,,,,178R-722-elf4-2-ZT8-22C_S2,722,13003363.0,14569050.0,178R
178RS3,Ath,unknown,178R,ZT8,ELF4-OX,,22C,S3,,8,/media/pw_synology3/PW_HiSeq_data/RNA-seq/Mapped_data/178R_Q/178R-723-ELF4-ox-1462-ZT8-22C_S3_fastq_gz-A_thaliana__TAIR10__Lexogen_QuantSeq_2_2_3_FWD-bacba17d-d8c7-4564-bc00-18fd8e7981ac_output-folder/star_out/178R-723-ELF4-ox-1462-ZT8-22C_S3.fastq.gz/read_counts.tsv,,,,,,178R-723-ELF4-ox-1462-ZT8-22C_S3,723,14199112.0,15221086.0,178R
178RS4,Ath,unknown,178R,ZT8,ELF3 X ELF4-OX,,22C,S4,,8,/media/pw_synology3/PW_HiSeq_data/RNA-seq/Mapped_data/178R_Q/178R-724-elf3-1-x-ELF4-ox-1463-ZT8-22C_S4_fastq_gz-A_thaliana__TAIR10__Lexogen_QuantSeq_2_2_3_FWD-6e11ee3d-b791-4043-aa14-e87af273edcc_output-folder/star_out/178R-724-elf3-1-x-ELF4-ox-1463-ZT8-22C_S4.fastq.gz/read_counts.tsv,,,,,,178R-724-elf3-1-x-ELF4-ox-1463-ZT8-22C_S4,724,9740934.0,10626741.0,178R
178RS5,Ath,unknown,178R,ZT8,ELF3-OX AT,,22C,S5,,8,/media/pw_synology3/PW_HiSeq_data/RNA-seq/Mapped_data/178R_Q/178R-725-ELF3-ox-1480-ZT8-22C_S5_fastq_gz-A_thaliana__TAIR10__Lexogen_QuantSeq_2_2_3_FWD-9f776e4f-0424-411f-8f71-d8118567b399_output-folder/star_out/178R-725-ELF3-ox-1480-ZT8-22C_S5.fastq.gz/read_counts.tsv,,,,,,178R-725-ELF3-ox-1480-ZT8-22C_S5,725,9344606.0,11269861.0,178R
178RS6,Ath,unknown,178R,ZT8,ELF4 X ELF3-OX,,22C,S6,,8,/media/pw_synology3/PW_HiSeq_data/RNA-seq/Mapped_data/178R_Q/178R-726-elf4-2-x-ELF3-ox-1481-ZT8-22C_S6_fastq_gz-A_thaliana__TAIR10__Lexogen_QuantSeq_2_2_3_FWD-048d5b60-f191-459a-b00f-9774298b1358_output-folder/star_out/178R-726-elf4-2-x-ELF3-ox-1481-ZT8-22C_S6.fastq.gz/read_counts.tsv,,,,,,178R-726-elf4-2-x-ELF3-ox-1481-ZT8-22C_S6,726,13945673.0,14865249.0,178R
178RS7,Ath,unknown,178R,ZT8,ELF3,,27C,S7,,8,/media/pw_synology3/PW_HiSeq_data/RNA-seq/Mapped_data/178R_Q/178R-727-elf3-1-ZT8-27C_S7_fastq_gz-A_thaliana__TAIR10__Lexogen_QuantSeq_2_2_3_FWD-e398f6b6-d25b-4549-ac65-5bce1a66ad2f_output-folder/star_out/178R-727-elf3-1-ZT8-27C_S7.fastq.gz/read_counts.tsv,,,,,,178R-727-elf3-1-ZT8-27C_S7,727,9497311.0,10487622.0,178R
178RS8,Ath,unknown,178R,ZT8,ELF4,,27C,S8,,8,/media/pw_synology3/PW_HiSeq_data/RNA-seq/Mapped_data/178R_Q/178R-728-elf4-2-ZT8-27C_S8_fastq_gz-A_thaliana__TAIR10__Lexogen_QuantSeq_2_2_3_FWD-a2f56dcf-be62-4c36-854e-ed3c59ddac36_output-folder/star_out/178R-728-elf4-2-ZT8-27C_S8.fastq.gz/read_counts.tsv,,,,,,178R-728-elf4-2-ZT8-27C_S8,728,11474315.0,12508681.0,178R
178RS9,Ath,unknown,178R,ZT8,ELF4-OX,,27C,S9,,8,/media/pw_synology3/PW_HiSeq_data/RNA-seq/Mapped_data/178R_Q/178R-729-ELF4-ox-1462-ZT8-27C_S9_fastq_gz-A_thaliana__TAIR10__Lexogen_QuantSeq_2_2_3_FWD-1b660d74-413f-40f3-9ca3-bcb678c46354_output-folder/star_out/178R-729-ELF4-ox-1462-ZT8-27C_S9.fastq.gz/read_counts.tsv,,,,,,178R-729-ELF4-ox-1462-ZT8-27C_S9,729,25103395.0,27026267.0,178R
178RS10,Ath,unknown,178R,ZT8,ELF3 X ELF4-OX,,27C,S10,,8,/media/pw_synology3/PW_HiSeq_data/RNA-seq/Mapped_data/178R_Q/178R-730-elf3-1-x-ELF4-ox-1463-ZT8-27C_S10_fastq_gz-A_thaliana__TAIR10__Lexogen_QuantSeq_2_2_3_FWD-e4266977-aa66-426f-9bfc-82c371f1f000_output-folder/star_out/178R-730-elf3-1-x-ELF4-ox-1463-ZT8-27C_S10.fastq.gz/read_counts.tsv,,,,,,178R-730-elf3-1-x-ELF4-ox-1463-ZT8-27C_S10,730,16608001.0,18364449.0,178R
178RS11,Ath,unknown,178R,ZT8,ELF3-OX AT,,27C,S11,,8,/media/pw_synology3/PW_HiSeq_data/RNA-seq/Mapped_data/178R_Q/178R-731-ELF3-ox-1480-ZT8-27C_S11_fastq_gz-A_thaliana__TAIR10__Lexogen_QuantSeq_2_2_3_FWD-ea7f7413-0b95-4730-b5bf-97b870796ba3_output-folder/star_out/178R-731-ELF3-ox-1480-ZT8-27C_S11.fastq.gz/read_counts.tsv,,,,,,178R-731-ELF3-ox-1480-ZT8-27C_S11,731,23342511.0,24916947.0,178R
178RS12,Ath,unknown,178R,ZT8,ELF4 X ELF3-OX,,27C,S12,,8,/media/pw_synology3/PW_HiSeq_data/RNA-seq/Mapped_data/178R_Q/178R-732-elf4-2-x-ELF3-ox-1481-ZT8-27C_S12_fastq_gz-A_thaliana__TAIR10__Lexogen_QuantSeq_2_2_3_FWD-8fd8d111-fde3-4317-b3ca-505a3f82c2ea_output-folder/star_out/178R-732-elf4-2-x-ELF3-ox-1481-ZT8-27C_S12.fastq.gz/read_counts.tsv,,,,,,178R-732-elf4-2-x-ELF3-ox-1481-ZT8-27C_S12,732,14278840.0,15433435.0,178R
178RS14,Ath,unknown,178R,ZT12,ELF4,,22C,S14,,12,/media/pw_synology3/PW_HiSeq_data/RNA-seq/Mapped_data/178R_Q/178R-734-elf4-2-ZT12-22C_S14_fastq_gz-A_thaliana__TAIR10__Lexogen_QuantSeq_2_2_3_FWD-f21ab8ca-94d7-4fe2-bbe4-5be3e3b92b40_output-folder/star_out/178R-734-elf4-2-ZT12-22C_S14.fastq.gz/read_counts.tsv,,,,,,178R-734-elf4-2-ZT12-22C_S14,734,21173507.0,23160645.0,178R
178RS15,Ath,unknown,178R,ZT12,ELF4-OX,,22C,S15,,12,/media/pw_synology3/PW_HiSeq_data/RNA-seq/Mapped_data/178R_Q/178R-735-ELF4-ox-1462-ZT12-22C_S15_fastq_gz-A_thaliana__TAIR10__Lexogen_QuantSeq_2_2_3_FWD-eddf2c62-541e-4bdc-8405-0fca9fb6fb34_output-folder/star_out/178R-735-ELF4-ox-1462-ZT12-22C_S15.fastq.gz/read_counts.tsv,,,,,,178R-735-ELF4-ox-1462-ZT12-22C_S15,735,14091210.0,15237802.0,178R
178RS16,Ath,unknown,178R,ZT12,ELF3 X ELF4-OX,,22C,S16,,12,/media/pw_synology3/PW_HiSeq_data/RNA-seq/Mapped_data/178R_Q/178R-736-elf3-1-x-ELF4-ox-1463-ZT12-22C_S16_fastq_gz-A_thaliana__TAIR10__Lexogen_QuantSeq_2_2_3_FWD-7a6d125d-36f5-46fc-bff1-48aed902137e_output-folder/star_out/178R-736-elf3-1-x-ELF4-ox-1463-ZT12-22C_S16.fastq.gz/read_counts.tsv,,,,,,178R-736-elf3-1-x-ELF4-ox-1463-ZT12-22C_S16,736,14716427.0,16177064.0,178R
178RS17,Ath,unknown,178R,ZT12,Q21-23,,22C,S17,,12,/media/pw_synology3/PW_HiSeq_data/RNA-seq/Mapped_data/178R_Q/178R-762-Q21-23-ZT12-22C_S17_fastq_gz-A_thaliana__TAIR10__Lexogen_QuantSeq_2_2_3_FWD-f6e8aa22-b99e-47b4-9679-bd23b835941f_output-folder/star_out/178R-762-Q21-23-ZT12-22C_S17.fastq.gz/read_counts.tsv,,,,,,178R-762-Q21-23-ZT12-22C_S17,762,13198542.0,17982732.0,178R
178RS18,Ath,unknown,178R,ZT12,Q0-2,,27C,S18,,12,/media/pw_synology3/PW_HiSeq_data/RNA-seq/Mapped_data/178R_Q/178R-763-Q0-2-ZT12-27C_S18_fastq_gz-A_thaliana__TAIR10__Lexogen_QuantSeq_2_2_3_FWD-f7e9cec9-9516-4954-9349-9165f307ed6a_output-folder/star_out/178R-763-Q0-2-ZT12-27C_S18.fastq.gz/read_counts.tsv,,,,,,178R-763-Q0-2-ZT12-27C_S18,763,12636108.0,15504944.0,178R
178RS19,Ath,unknown,178R,ZT8,Q0-15,,22C,S19,,8,/media/pw_synology3/PW_HiSeq_data/RNA-seq/Mapped_data/178R_Q/178R-746-Q0-15-ZT8-22C_S19_fastq_gz-A_thaliana__TAIR10__Lexogen_QuantSeq_2_2_3_FWD-6624c5c9-5f0d-4535-8d52-24bcb37598ff_output-folder/star_out/178R-746-Q0-15-ZT8-22C_S19.fastq.gz/read_counts.tsv,,,,,,178R-746-Q0-15-ZT8-22C_S19,746,14933183.0,16363117.0,178R
178RS20,Ath,unknown,178R,ZT12,Q7-6,,27C,S20,,12,/media/pw_synology3/PW_HiSeq_data/RNA-seq/Mapped_data/178R_Q/178R-765-Q7-6-ZT12-27C_S20_fastq_gz-A_thaliana__TAIR10__Lexogen_QuantSeq_2_2_3_FWD-8904d7e1-43d4-40de-a196-ca331f543dfd_output-folder/star_out/178R-765-Q7-6-ZT12-27C_S20.fastq.gz/read_counts.tsv,,,,,,178R-765-Q7-6-ZT12-27C_S20,765,7150372.0,9914627.0,178R
178RS22,Ath,unknown,178R,ZT12,Q21-7,,27C,S22,,12,/media/pw_synology3/PW_HiSeq_data/RNA-seq/Mapped_data/178R_Q/178R-767-Q21-7-ZT12-27C_S22_fastq_gz-A_thaliana__TAIR10__Lexogen_QuantSeq_2_2_3_FWD-7d1b685d-2ceb-4da4-bdae-d5a284d59ec6_output-folder/star_out/178R-767-Q21-7-ZT12-27C_S22.fastq.gz/read_counts.tsv,,,,,,178R-767-Q21-7-ZT12-27C_S22,767,12063727.0,15680249.0,178R
178RS23,Ath,unknown,178R,ZT12,Q21-23,,27C,S23,,12,/media/pw_synology3/PW_HiSeq_data/RNA-seq/Mapped_data/178R_Q/178R-768-Q21-23-ZT12-27C_S23_fastq_gz-A_thaliana__TAIR10__Lexogen_QuantSeq_2_2_3_FWD-9d821114-355f-40d4-9464-29ed0bd714cd_output-folder/star_out/178R-768-Q21-23-ZT12-27C_S23.fastq.gz/read_counts.tsv,,,,,,178R-768-Q21-23-ZT12-27C_S23,768,8256163.0,11875986.0,178R
178RS24,Ath,unknown,178R,ZT8,Q21-23,,22C,S24,,8,/media/pw_synology3/PW_HiSeq_data/RNA-seq/Mapped_data/178R_Q/178R-750-Q21-23-ZT8-22C_S24_fastq_gz-A_thaliana__TAIR10__Lexogen_QuantSeq_2_2_3_FWD-b8469896-cb06-4545-90aa-d7fb9209d4ed_output-folder/star_out/178R-750-Q21-23-ZT8-22C_S24.fastq.gz/read_counts.tsv,,,,,,178R-750-Q21-23-ZT8-22C_S24,750,15159655.0,17651509.0,178R
181RS1,Ath,unknown,181R,ZT8,ELF3-OX POTATO,,22C,S1,,8,/media/pw_synology3/PW_HiSeq_data/RNA-seq/Mapped_data/181R_Q/181RQ-181R-Q-849-4195-ZT8-22C_S1_fastq_gz-A_thaliana__TAIR10__Lexogen_QuantSeq_2_2_3_FWD-ba346419-9160-44cd-8c8a-d097efcd9ab6_output-folder/star_out/181R-Q-849-4195-ZT8-22C_S1.fastq.gz/read_counts.tsv,,,,,,181R-Q-849-4195-ZT8-22C_S1,849,15326745.0,16288690.0,181R
181RS2,Ath,unknown,181R,ZT8,ELF3-OX BD,,22C,S2,,8,/media/pw_synology3/PW_HiSeq_data/RNA-seq/Mapped_data/181R_Q/181RQ-181R-Q-850-4196-ZT8-22C_S2_fastq_gz-A_thaliana__TAIR10__Lexogen_QuantSeq_2_2_3_FWD-dfeeab89-7797-41e4-83fa-07f727dcdf0a_output-folder/star_out/181R-Q-850-4196-ZT8-22C_S2.fastq.gz/read_counts.tsv,,,,,,181R-Q-850-4196-ZT8-22C_S2,850,7803782.0,8248133.0,181R
183RS1,Ath,unknown,183R,ZT8,ELF3,,12C,S1,,8,/media/pw_synology3/PW_HiSeq_data/RNA-seq/Mapped_data/183R_Q/183RQ-183RQ-elf3-ZT8-12C_S1_fastq_gz-A_thaliana__TAIR10__Lexogen_QuantSeq_2_2_3_FWD-3ce9a5eb-61a6-410f-b053-5ddcd1362fd7_output-folder/star_out/183RQ-elf3-ZT8-12C_S1.fastq.gz/read_counts.tsv,,,,,,183RQ-elf3-ZT8-12C_S1,,27384074.0,30644638.0,183R
183RS2,Ath,unknown,183R,ZT8,COL,,12C,S2,,8,/media/pw_synology3/PW_HiSeq_data/RNA-seq/Mapped_data/183R_Q/183RQ-183RQ-Col-ZT8-12C_S2_fastq_gz-A_thaliana__TAIR10__Lexogen_QuantSeq_2_2_3_FWD-b4a8dc1c-4f9f-4ec5-9e59-98a6b0820a62_output-folder/star_out/183RQ-Col-ZT8-12C_S2.fastq.gz/read_counts.tsv,,,,,,183RQ-Col-ZT8-12C_S2,,18638075.0,20969215.0,183R
183RS3,Ath,unknown,183R,ZT8,Q0-15,,12C,S3,,8,/media/pw_synology3/PW_HiSeq_data/RNA-seq/Mapped_data/183R_Q/183RQ-183RQ-Q0-15-ZT8-12C_S3_fastq_gz-A_thaliana__TAIR10__Lexogen_QuantSeq_2_2_3_FWD-61b2d640-25a5-4eaa-bef0-765a74c3ff64_output-folder/star_out/183RQ-Q0-15-ZT8-12C_S3.fastq.gz/read_counts.tsv,,,,,,183RQ-Q0-15-ZT8-12C_S3,,20127243.0,23037076.0,183R
183RS4,Ath,unknown,183R,ZT8,Q0-XX,,12C,S4,,8,/media/pw_synology3/PW_HiSeq_data/RNA-seq/Mapped_data/183R_Q/183RQ-183RQ-Q0-xx-ZT8-12C_S4_fastq_gz-A_thaliana__TAIR10__Lexogen_QuantSeq_2_2_3_FWD-3cb9b7ad-0bfc-45fc-b2ff-3ee1ba0c80a8_output-folder/star_out/183RQ-Q0-xx-ZT8-12C_S4.fastq.gz/read_counts.tsv,,,,,,183RQ-Q0-xx-ZT8-12C_S4,,21969433.0,25812924.0,183R
183RS5,Ath,unknown,183R,ZT8,Q7-6,,12C,S5,,8,/media/pw_synology3/PW_HiSeq_data/RNA-seq/Mapped_data/183R_Q/183RQ-183RQ-Q7-6-ZT8-12C_S5_fastq_gz-A_thaliana__TAIR10__Lexogen_QuantSeq_2_2_3_FWD-20efcb2a-71a4-42ac-9997-07224d2f58ba_output-folder/star_out/183RQ-Q7-6-ZT8-12C_S5.fastq.gz/read_counts.tsv,,,,,,183RQ-Q7-6-ZT8-12C_S5,,11465837.0,12696819.0,183R
183RS6,Ath,unknown,183R,ZT8,Q7-17,,12C,S6,,8,/media/pw_synology3/PW_HiSeq_data/RNA-seq/Mapped_data/183R_Q/183RQ-183RQ-Q7-17-ZT8-12C_S6_fastq_gz-A_thaliana__TAIR10__Lexogen_QuantSeq_2_2_3_FWD-3142aac3-4085-45d4-9581-0d30e9db1271_output-folder/star_out/183RQ-Q7-17-ZT8-12C_S6.fastq.gz/read_counts.tsv,,,,,,183RQ-Q7-17-ZT8-12C_S6,,15128297.0,16598427.0,183R
183RS7,Ath,unknown,183R,ZT8,Q21-7,,12C,S7,,8,/media/pw_synology3/PW_HiSeq_data/RNA-seq/Mapped_data/183R_Q/183RQ-183RQ-Q21-7-ZT8-12C_S7_fastq_gz-A_thaliana__TAIR10__Lexogen_QuantSeq_2_2_3_FWD-7bd09bbd-3a2e-4d6b-9514-40115eb44368_output-folder/star_out/183RQ-Q21-7-ZT8-12C_S7.fastq.gz/read_counts.tsv,,,,,,183RQ-Q21-7-ZT8-12C_S7,,20470814.0,22760284.0,183R
183RS8,Ath,unknown,183R,ZT8,Q21-23,,12C,S8,,8,/media/pw_synology3/PW_HiSeq_data/RNA-seq/Mapped_data/183R_Q/183RQ-183RQ-Q21-23-ZT8-12C_S8_fastq_gz-A_thaliana__TAIR10__Lexogen_QuantSeq_2_2_3_FWD-2d60bc07-5f3c-4bf7-b9b2-e07386779680_output-folder/star_out/183RQ-Q21-23-ZT8-12C_S8.fastq.gz/read_counts.tsv,,,,,,183RQ-Q21-23-ZT8-12C_S8,,20289498.0,24414345.0,183R
183RS9,Ath,unknown,183R,ZT8,ELF3-OX AT,,12C,S9,,8,/media/pw_synology3/PW_HiSeq_data/RNA-seq/Mapped_data/183R_Q/183RQ-183RQ-1480-ZT8-12C_S9_fastq_gz-A_thaliana__TAIR10__Lexogen_QuantSeq_2_2_3_FWD-163fb446-1812-4561-95ae-724ac9fe1131_output-folder/star_out/183RQ-1480-ZT8-12C_S9.fastq.gz/read_counts.tsv,,,,,,183RQ-1480-ZT8-12C_S9,,33838500.0,36081087.0,183R
183RS10,Ath,unknown,183R,ZT8,ELF3-OX POTATO,,12C,S10,,8,/media/pw_synology3/PW_HiSeq_data/RNA-seq/Mapped_data/183R_Q/183RQ-183RQ-4195-ZT8-12C_S10_fastq_gz-A_thaliana__TAIR10__Lexogen_QuantSeq_2_2_3_FWD-8525d44a-93ba-44f1-a5fd-311061dd6929_output-folder/star_out/183RQ-4195-ZT8-12C_S10.fastq.gz/read_counts.tsv,,,,,,183RQ-4195-ZT8-12C_S10,,25522979.0,28247968.0,183R
183RS11,Ath,unknown,183R,ZT8,ELF3-OX BD,,12C,S11,,8,/media/pw_synology3/PW_HiSeq_data/RNA-seq/Mapped_data/183R_Q/183RQ-183RQ-4196-ZT8-12C_S11_fastq_gz-A_thaliana__TAIR10__Lexogen_QuantSeq_2_2_3_FWD-37dbd2fe-6295-4c80-a004-d6f44b3e99fa_output-folder/star_out/183RQ-4196-ZT8-12C_S11.fastq.gz/read_counts.tsv,,,,,,183RQ-4196-ZT8-12C_S11,,27933546.0,29665230.0,183R
183RS12,Ath,unknown,183R,ZT8,ELF3,,27C,S12,,8,/media/pw_synology3/PW_HiSeq_data/RNA-seq/Mapped_data/183R_Q/183RQ-183RQ-elf3-ZT8-27C_S12_fastq_gz-A_thaliana__TAIR10__Lexogen_QuantSeq_2_2_3_FWD-1f8989b0-a351-4810-8fb1-a9eb36daa619_output-folder/star_out/183RQ-elf3-ZT8-27C_S12.fastq.gz/read_counts.tsv,,,,,,183RQ-elf3-ZT8-27C_S12,,24777362.0,27073206.0,183R
183RS13,Ath,unknown,183R,ZT8,COL,,27C,S13,,8,/media/pw_synology3/PW_HiSeq_data/RNA-seq/Mapped_data/183R_Q/183RQ-183RQ-Col-ZT8-27C_S13_fastq_gz-A_thaliana__TAIR10__Lexogen_QuantSeq_2_2_3_FWD-d86abcbd-1253-4167-bbe0-f4fd1b5e5469_output-folder/star_out/183RQ-Col-ZT8-27C_S13.fastq.gz/read_counts.tsv,,,,,,183RQ-Col-ZT8-27C_S13,,15074608.0,16538160.0,183R
183RS14,Ath,unknown,183R,ZT8,Q0-15,,27C,S14,,8,/media/pw_synology3/PW_HiSeq_data/RNA-seq/Mapped_data/183R_Q/183RQ-183RQ-Q0-15-ZT8-27C_S14_fastq_gz-A_thaliana__TAIR10__Lexogen_QuantSeq_2_2_3_FWD-f253e82f-7ac7-41f8-8a1a-1efdaa356b55_output-folder/star_out/183RQ-Q0-15-ZT8-27C_S14.fastq.gz/read_counts.tsv,,,,,,183RQ-Q0-15-ZT8-27C_S14,,18957781.0,20674932.0,183R
183RS15,Ath,unknown,183R,ZT8,Q0-XX,,27C,S15,,8,/media/pw_synology3/PW_HiSeq_data/RNA-seq/Mapped_data/183R_Q/183RQ-183RQ-Q0-xx-ZT8-27C_S15_fastq_gz-A_thaliana__TAIR10__Lexogen_QuantSeq_2_2_3_FWD-00ca89dd-db81-4830-9184-63944bfaf094_output-folder/star_out/183RQ-Q0-xx-ZT8-27C_S15.fastq.gz/read_counts.tsv,,,,,,183RQ-Q0-xx-ZT8-27C_S15,,19065753.0,20843030.0,183R
183RS17,Ath,unknown,183R,ZT8,Q7-17,,27C,S17,,8,/media/pw_synology3/PW_HiSeq_data/RNA-seq/Mapped_data/183R_Q/183RQ-183RQ-Q7-17-ZT8-27C_S17_fastq_gz-A_thaliana__TAIR10__Lexogen_QuantSeq_2_2_3_FWD-1469bc37-efbd-4c1b-8fba-0d3255968883_output-folder/star_out/183RQ-Q7-17-ZT8-27C_S17.fastq.gz/read_counts.tsv,,,,,,183RQ-Q7-17-ZT8-27C_S17,,26943199.0,31873327.0,183R
183RS18,Ath,unknown,183R,ZT8,Q21-7,,27C,S18,,8,/media/pw_synology3/PW_HiSeq_data/RNA-seq/Mapped_data/183R_Q/183RQ-183RQ-Q21-7-ZT8-27C_S18_fastq_gz-A_thaliana__TAIR10__Lexogen_QuantSeq_2_2_3_FWD-21bfe8e3-f46f-4a36-9ca4-533b89a1ba66_output-folder/star_out/183RQ-Q21-7-ZT8-27C_S18.fastq.gz/read_counts.tsv,,,,,,183RQ-Q21-7-ZT8-27C_S18,,19795868.0,22119816.0,183R
183RS19,Ath,unknown,183R,ZT8,ELF3-OX AT,,27C,S19,,8,/media/pw_synology3/PW_HiSeq_data/RNA-seq/Mapped_data/183R_Q/183RQ-183RQ-1480-ZT8-27C_S19_fastq_gz-A_thaliana__TAIR10__Lexogen_QuantSeq_2_2_3_FWD-02c0aee4-f57d-484c-9c80-25ea04b7966b_output-folder/star_out/183RQ-1480-ZT8-27C_S19.fastq.gz/read_counts.tsv,,,,,,183RQ-1480-ZT8-27C_S19,,20925154.0,23072784.0,183R
183RS20,Ath,unknown,183R,ZT8,ELF3-OX POTATO,,27C,S20,,8,/media/pw_synology3/PW_HiSeq_data/RNA-seq/Mapped_data/183R_Q/183RQ-183RQ-4195-ZT8-27C_S20_fastq_gz-A_thaliana__TAIR10__Lexogen_QuantSeq_2_2_3_FWD-544142d8-f065-4e79-afd4-c22feb6f20fc_output-folder/star_out/183RQ-4195-ZT8-27C_S20.fastq.gz/read_counts.tsv,,,,,,183RQ-4195-ZT8-27C_S20,,21499942.0,23456073.0,183R
183RS21,Ath,unknown,183R,ZT8,ELF3-OX BD,,27C,S21,,8,/media/pw_synology3/PW_HiSeq_data/RNA-seq/Mapped_data/183R_Q/183RQ-183RQ-4196-ZT8-27C_S21_fastq_gz-A_thaliana__TAIR10__Lexogen_QuantSeq_2_2_3_FWD-b8b3c312-b4c7-4f0f-ac7d-ea8ed5dbf134_output-folder/star_out/183RQ-4196-ZT8-27C_S21.fastq.gz/read_counts.tsv,,,,,,183RQ-4196-ZT8-27C_S21,,10636405.0,11987194.0,183R
183RS22,Ath,unknown,183R,ZT12,ELF3,,12C,S22,,12,/media/pw_synology3/PW_HiSeq_data/RNA-seq/Mapped_data/183R_Q/183RQ-183RQ-elf3-ZT8-27C_S22_fastq_gz-A_thaliana__TAIR10__Lexogen_QuantSeq_2_2_3_FWD-a44a21af-4f99-4e7d-bef6-4d0184c2141a_output-folder/star_out/183RQ-elf3-ZT8-27C_S22.fastq.gz/read_counts.tsv,,,,,,183RQ-elf3-ZT12-12C_S22,,15927122.0,17215511.0,183R
183RS23,Ath,unknown,183R,ZT12,COL,,12C,S23,,12,/media/pw_synology3/PW_HiSeq_data/RNA-seq/Mapped_data/183R_Q/183RQ-183RQ-Col-ZT8-27C_S23_fastq_gz-A_thaliana__TAIR10__Lexogen_QuantSeq_2_2_3_FWD-f18769ca-684a-47ac-9131-48d2ba662d61_output-folder/star_out/183RQ-Col-ZT8-27C_S23.fastq.gz/read_counts.tsv,,,,,,183RQ-Col-ZT12-12C_S23,,10837996.0,11744531.0,183R
183RS24,Ath,unknown,183R,ZT12,Q0-15,,12C,S24,,12,/media/pw_synology3/PW_HiSeq_data/RNA-seq/Mapped_data/183R_Q/183RQ-183RQ-Q0-15-ZT8-27C_S24_fastq_gz-A_thaliana__TAIR10__Lexogen_QuantSeq_2_2_3_FWD-a03d7f1c-68c4-4542-aaa9-6c62b9bc316f_output-folder/star_out/183RQ-Q0-15-ZT8-27C_S24.fastq.gz/read_counts.tsv,,,,,,183RQ-Q0-15-ZT12-12C_S24,,9903337.0,11337099.0,183R
184RS1,Ath,unknown,184R,ZT12,Q0-XX,,12C,S1,,12,/media/pw_synology3/PW_HiSeq_data/RNA-seq/Mapped_data/184R_Q/184RQ-184R-Q-901-Q0-xx-ZT12-12C_S1_fastq_gz-A_thaliana__TAIR10__Lexogen_QuantSeq_2_2_3_FWD-2447759a-4e5c-4162-a622-23acc9da86ab_output-folder/star_out/184R-Q-901-Q0-xx-ZT12-12C_S1.fastq.gz/read_counts.tsv,,,,,,184R-Q-901-Q0-xx-ZT12-12C_S1,901,29729754.0,31921988.0,184R
184RS2,Ath,unknown,184R,ZT12,Q7-6,,12C,S2,,12,/media/pw_synology3/PW_HiSeq_data/RNA-seq/Mapped_data/184R_Q/184RQ-184R-Q-902-Q7-6-1499-ZT12-12C_S2_fastq_gz-A_thaliana__TAIR10__Lexogen_QuantSeq_2_2_3_FWD-f412d301-d45c-448e-a39f-c3bd3890d047_output-folder/star_out/184R-Q-902-Q7-6-1499-ZT12-12C_S2.fastq.gz/read_counts.tsv,,,,,,184R-Q-902-Q7-6-1499-ZT12-12C_S2,902,24119611.0,26246771.0,184R
184RS3,Ath,unknown,184R,ZT12,Q7-17,,12C,S3,,12,/media/pw_synology3/PW_HiSeq_data/RNA-seq/Mapped_data/184R_Q/184RQ-184R-Q-903-Q7-17-1500-ZT12-12C_S3_fastq_gz-A_thaliana__TAIR10__Lexogen_QuantSeq_2_2_3_FWD-8275821b-2669-4c7f-9f26-6e6e0c767a5a_output-folder/star_out/184R-Q-903-Q7-17-1500-ZT12-12C_S3.fastq.gz/read_counts.tsv,,,,,,184R-Q-903-Q7-17-1500-ZT12-12C_S3,903,18928644.0,19895145.0,184R
184RS4,Ath,unknown,184R,ZT12,Q21-7,,12C,S4,,12,/media/pw_synology3/PW_HiSeq_data/RNA-seq/Mapped_data/184R_Q/184RQ-184R-Q-904-Q21-7-1501-ZT12-12C_S4_fastq_gz-A_thaliana__TAIR10__Lexogen_QuantSeq_2_2_3_FWD-585024f0-8ad6-4b58-a0b4-fd8101de2a59_output-folder/star_out/184R-Q-904-Q21-7-1501-ZT12-12C_S4.fastq.gz/read_counts.tsv,,,,,,184R-Q-904-Q21-7-1501-ZT12-12C_S4,904,17698388.0,18803118.0,184R
184RS5,Ath,unknown,184R,ZT12,Q21-23,,12C,S5,,12,/media/pw_synology3/PW_HiSeq_data/RNA-seq/Mapped_data/184R_Q/184RQ-184R-Q-905-Q21-23-1502-ZT12-12C_S5_fastq_gz-A_thaliana__TAIR10__Lexogen_QuantSeq_2_2_3_FWD-42f4b0a0-86ff-445f-8c84-df7d133ccd0b_output-folder/star_out/184R-Q-905-Q21-23-1502-ZT12-12C_S5.fastq.gz/read_counts.tsv,,,,,,184R-Q-905-Q21-23-1502-ZT12-12C_S5,905,6422765.0,6966899.0,184R
184RS6,Ath,unknown,184R,ZT12,ELF3-OX AT,,12C,S6,,12,/media/pw_synology3/PW_HiSeq_data/RNA-seq/Mapped_data/184R_Q/184RQ-184R-Q-906-1480-ZT12-12C_S6_fastq_gz-A_thaliana__TAIR10__Lexogen_QuantSeq_2_2_3_FWD-27d567b9-9ce9-4073-aa16-b071d0e5a38c_output-folder/star_out/184R-Q-906-1480-ZT12-12C_S6.fastq.gz/read_counts.tsv,,,,,,184R-Q-906-1480-ZT12-12C_S6,906,13727230.0,14425540.0,184R
184RS7,Ath,unknown,184R,ZT12,ELF3-OX POTATO,,12C,S7,,12,/media/pw_synology3/PW_HiSeq_data/RNA-seq/Mapped_data/184R_Q/184RQ-184R-Q-907-4195-ZT12-12C_S7_fastq_gz-A_thaliana__TAIR10__Lexogen_QuantSeq_2_2_3_FWD-9f10f464-cb7a-49de-956a-d206aef2f174_output-folder/star_out/184R-Q-907-4195-ZT12-12C_S7.fastq.gz/read_counts.tsv,,,,,,184R-Q-907-4195-ZT12-12C_S7,907,10723373.0,11295427.0,184R
184RS8,Ath,unknown,184R,ZT12,ELF3-OX BD,,12C,S8,,12,/media/pw_synology3/PW_HiSeq_data/RNA-seq/Mapped_data/184R_Q/184RQ-184R-Q-908-4196-ZT12-12C_S8_fastq_gz-A_thaliana__TAIR10__Lexogen_QuantSeq_2_2_3_FWD-1f459037-3c38-496b-91ab-92a907b2a88c_output-folder/star_out/184R-Q-908-4196-ZT12-12C_S8.fastq.gz/read_counts.tsv,,,,,,184R-Q-908-4196-ZT12-12C_S8,908,16479665.0,17365050.0,184R
184RS9,Ath,unknown,184R,ZT12,ELF3,,27C,S9,,12,/media/pw_synology3/PW_HiSeq_data/RNA-seq/Mapped_data/184R_Q/184RQ-184R-Q-909-elf3-1-ZT12-27_S9_fastq_gz-A_thaliana__TAIR10__Lexogen_QuantSeq_2_2_3_FWD-f80128c1-9225-4e6b-88a8-c2f8c0e9facb_output-folder/star_out/184R-Q-909-elf3-1-ZT12-27_S9.fastq.gz/read_counts.tsv,,,,,,184R-Q-909-elf3-1-ZT12-27C_S9,909,23252896.0,25264372.0,184R
184RS10,Ath,unknown,184R,ZT12,COL,,27C,S10,,12,/media/pw_synology3/PW_HiSeq_data/RNA-seq/Mapped_data/184R_Q/184RQ-184R-Q-910-Col-ZT12-27_S10_fastq_gz-A_thaliana__TAIR10__Lexogen_QuantSeq_2_2_3_FWD-71e9f55f-376a-4b3d-8863-d9fee1522284_output-folder/star_out/184R-Q-910-Col-ZT12-27_S10.fastq.gz/read_counts.tsv,,,,,,184R-Q-910-Col-ZT12-27C_S10,910,22010195.0,23827582.0,184R
184RS11,Ath,unknown,184R,ZT12,Q0-15,,27C,S11,,12,/media/pw_synology3/PW_HiSeq_data/RNA-seq/Mapped_data/184R_Q/184RQ-184R-Q-911-Q0-15-1497-ZT12-27_S11_fastq_gz-A_thaliana__TAIR10__Lexogen_QuantSeq_2_2_3_FWD-a586b265-b389-4e99-a74e-a1597f1ad24a_output-folder/star_out/184R-Q-911-Q0-15-1497-ZT12-27_S11.fastq.gz/read_counts.tsv,,,,,,184R-Q-911-Q0-15-1497-ZT12-27C_S11,911,21976543.0,25137112.0,184R
184RS15,Ath,unknown,184R,ZT12,Q21-7,,27C,S15,,12,/media/pw_synology3/PW_HiSeq_data/RNA-seq/Mapped_data/184R_Q/184RQ-184R-Q-915-Q21-7-1501-ZT12-27C_S15_fastq_gz-A_thaliana__TAIR10__Lexogen_QuantSeq_2_2_3_FWD-803ff783-2b5a-4e5a-867d-a98c316a5c30_output-folder/star_out/184R-Q-915-Q21-7-1501-ZT12-27C_S15.fastq.gz/read_counts.tsv,,,,,,184R-Q-915-Q21-7-1501-ZT12-27C_S15,915,9434837.0,10604484.0,184R
184RS18,Ath,unknown,184R,ZT12,ELF3-OX BD,,27C,S18,,12,/media/pw_synology3/PW_HiSeq_data/RNA-seq/Mapped_data/184R_Q/184RQ-184R-Q-919-4196-ZT12-27C_S18_fastq_gz-A_thaliana__TAIR10__Lexogen_QuantSeq_2_2_3_FWD-32f2a070-3291-4449-8401-f42241745123_output-folder/star_out/184R-Q-919-4196-ZT12-27C_S18.fastq.gz/read_counts.tsv,,,,,,184R-Q-919-4196-ZT12-27C_S18,919,16800245.0,17853946.0,184R
181RS3,Ath,unknown,181R,ZT8,ELF3,,22C,S3,,8,/media/pw_synology3/PW_HiSeq_data/RNA-seq/Mapped_data/181R_Q/181RQ-181R-Q-851-elf3-ZT8-22C_S3_fastq_gz-A_thaliana__TAIR10__Lexogen_QuantSeq_2_2_3_FWD-373e33b8-4982-4fce-bcc2-e9d71715ce55_output-folder/star_out/181R-Q-851-elf3-ZT8-22C_S3.fastq.gz/read_counts.tsv,,,,,,181R-Q-851-elf3-ZT8-22C_S3,851,19977822.0,21587710.0,181R
181RS4,Ath,unknown,181R,ZT8,COL,,22C,S4,,8,/media/pw_synology3/PW_HiSeq_data/RNA-seq/Mapped_data/181R_Q/181RQ-181R-Q-852-Col-ZT8-22C_S4_fastq_gz-A_thaliana__TAIR10__Lexogen_QuantSeq_2_2_3_FWD-fc7b59f6-90ae-47d6-a677-ee9c9accb7aa_output-folder/star_out/181R-Q-852-Col-ZT8-22C_S4.fastq.gz/read_counts.tsv,,,,,,181R-Q-852-Col-ZT8-22C_S4,852,16796489.0,18101679.0,181R
181RS5,Ath,unknown,181R,ZT8,ELF3-OX AT,,22C,S5,,8,/media/pw_synology3/PW_HiSeq_data/RNA-seq/Mapped_data/181R_Q/181RQ-181R-Q-853-1480-ZT8-22C_S5_fastq_gz-A_thaliana__TAIR10__Lexogen_QuantSeq_2_2_3_FWD-8e3d7803-4878-409d-8a19-e0e126d89f38_output-folder/star_out/181R-Q-853-1480-ZT8-22C_S5.fastq.gz/read_counts.tsv,,,,,,181R-Q-853-1480-ZT8-22C_S5,853,10309762.0,11373578.0,181R
181RS6,Ath,unknown,181R,ZT8,ELF3-OX POTATO,,27C,S6,,8,/media/pw_synology3/PW_HiSeq_data/RNA-seq/Mapped_data/181R_Q/181RQ-181R-Q-854-4195-ZT8-27C_S6_fastq_gz-A_thaliana__TAIR10__Lexogen_QuantSeq_2_2_3_FWD-b65a7531-1e02-47e3-b453-3526d5f6f2b7_output-folder/star_out/181R-Q-854-4195-ZT8-27C_S6.fastq.gz/read_counts.tsv,,,,,,181R-Q-854-4195-ZT8-27C_S6,854,14334980.0,15748677.0,181R
181RS7,Ath,unknown,181R,ZT8,ELF3-OX BD,,27C,S7,,8,/media/pw_synology3/PW_HiSeq_data/RNA-seq/Mapped_data/181R_Q/181RQ-181R-Q-855-4196-ZT8-27C_S7_fastq_gz-A_thaliana__TAIR10__Lexogen_QuantSeq_2_2_3_FWD-e0bf180b-ec22-4496-832b-c55bdd61df19_output-folder/star_out/181R-Q-855-4196-ZT8-27C_S7.fastq.gz/read_counts.tsv,,,,,,181R-Q-855-4196-ZT8-27C_S7,855,10621349.0,11577633.0,181R
181RS8,Ath,unknown,181R,ZT8,ELF3,,27C,S8,,8,/media/pw_synology3/PW_HiSeq_data/RNA-seq/Mapped_data/181R_Q/181RQ-181R-Q-856-elf3-ZT8-27C_S8_fastq_gz-A_thaliana__TAIR10__Lexogen_QuantSeq_2_2_3_FWD-b5e97938-b698-4d27-8685-1bc4f2ebb3c6_output-folder/star_out/181R-Q-856-elf3-ZT8-27C_S8.fastq.gz/read_counts.tsv,,,,,,181R-Q-856-elf3-ZT8-27C_S8,856,20102534.0,23515133.0,181R
181RS9,Ath,unknown,181R,ZT8,COL,,27C,S9,,8,/media/pw_synology3/PW_HiSeq_data/RNA-seq/Mapped_data/181R_Q/181RQ-181R-Q-857-Col-ZT8-27C_S9_fastq_gz-A_thaliana__TAIR10__Lexogen_QuantSeq_2_2_3_FWD-0a7c0255-1acd-48c2-a15c-2d436aaef8c8_output-folder/star_out/181R-Q-857-Col-ZT8-27C_S9.fastq.gz/read_counts.tsv,,,,,,181R-Q-857-Col-ZT8-27C_S9,857,16640019.0,18390433.0,181R
181RS10,Ath,unknown,181R,ZT8,ELF3-OX AT,,27C,S10,,8,/media/pw_synology3/PW_HiSeq_data/RNA-seq/Mapped_data/181R_Q/181RQ-181R-Q-858-1480-ZT8-27C_S10_fastq_gz-A_thaliana__TAIR10__Lexogen_QuantSeq_2_2_3_FWD-7f45ba2f-31de-4ca4-b4c1-ad9f4f565d27_output-folder/star_out/181R-Q-858-1480-ZT8-27C_S10.fastq.gz/read_counts.tsv,,,,,,181R-Q-858-1480-ZT8-27C_S10,858,13082234.0,14375744.0,181R
181RS11,Ath,unknown,181R,ZT12,ELF3-OX POTATO,,22C,S11,,12,/media/pw_synology3/PW_HiSeq_data/RNA-seq/Mapped_data/181R_Q/181RQ-181R-Q-859-4195-ZT12-22C_S11_fastq_gz-A_thaliana__TAIR10__Lexogen_QuantSeq_2_2_3_FWD-620b5a82-f542-4f3c-a6ec-18cb044c7d1a_output-folder/star_out/181R-Q-859-4195-ZT12-22C_S11.fastq.gz/read_counts.tsv,,,,,,181R-Q-859-4195-ZT12-22C_S11,859,16385166.0,17651930.0,181R
181RS12,Ath,unknown,181R,ZT12,ELF3-OX BD,,22C,S12,,12,/media/pw_synology3/PW_HiSeq_data/RNA-seq/Mapped_data/181R_Q/181RQ-181R-Q-860-4196-ZT12-22C_S12_fastq_gz-A_thaliana__TAIR10__Lexogen_QuantSeq_2_2_3_FWD-90bd85fa-ff02-4e75-a2db-9cd7de9e36d4_output-folder/star_out/181R-Q-860-4196-ZT12-22C_S12.fastq.gz/read_counts.tsv,,,,,,181R-Q-860-4196-ZT12-22C_S12,860,16179179.0,17223579.0,181R
181RS13,Ath,unknown,181R,ZT12,ELF3,,22C,S13,,12,/media/pw_synology3/PW_HiSeq_data/RNA-seq/Mapped_data/181R_Q/181RQ-181R-Q-861-elf3-ZT12-22C_S13_fastq_gz-A_thaliana__TAIR10__Lexogen_QuantSeq_2_2_3_FWD-485e9d89-5f47-4a43-beca-656bb71f073f_output-folder/star_out/181R-Q-861-elf3-ZT12-22C_S13.fastq.gz/read_counts.tsv,,,,,,181R-Q-861-elf3-ZT12-22C_S13,861,14321585.0,15785499.0,181R
181RS14,Ath,unknown,181R,ZT12,COL,,22C,S14,,12,/media/pw_synology3/PW_HiSeq_data/RNA-seq/Mapped_data/181R_Q/181RQ-181R-Q-862-Col-ZT12-22C_S14_fastq_gz-A_thaliana__TAIR10__Lexogen_QuantSeq_2_2_3_FWD-0869177b-fbbe-4b9c-a588-8a1fb2cca53d_output-folder/star_out/181R-Q-862-Col-ZT12-22C_S14.fastq.gz/read_counts.tsv,,,,,,181R-Q-862-Col-ZT12-22C_S14,862,13743338.0,14982032.0,181R
181RS15,Ath,unknown,181R,ZT12,ELF3-OX AT,,22C,S15,,12,/media/pw_synology3/PW_HiSeq_data/RNA-seq/Mapped_data/181R_Q/181RQ-181R-Q-863-1480-ZT12-22C_S15_fastq_gz-A_thaliana__TAIR10__Lexogen_QuantSeq_2_2_3_FWD-09d35372-94b2-455e-9d52-eb6770d6e6d0_output-folder/star_out/181R-Q-863-1480-ZT12-22C_S15.fastq.gz/read_counts.tsv,,,,,,181R-Q-863-1480-ZT12-22C_S15,863,7328480.0,8203984.0,181R
181RS16,Ath,unknown,181R,ZT12,ELF3-OX POTATO,,27C,S16,,12,/media/pw_synology3/PW_HiSeq_data/RNA-seq/Mapped_data/181R_Q/181RQ-181R-Q-864-4195-ZT12-27C_S16_fastq_gz-A_thaliana__TAIR10__Lexogen_QuantSeq_2_2_3_FWD-2f588a3f-fb7d-45f4-8e61-01d1fab0cb9f_output-folder/star_out/181R-Q-864-4195-ZT12-27C_S16.fastq.gz/read_counts.tsv,,,,,,181R-Q-864-4195-ZT12-27C_S16,864,14653520.0,16010151.0,181R
181RS17,Ath,unknown,181R,ZT12,ELF3-OX BD,,27C,S17,,12,/media/pw_synology3/PW_HiSeq_data/RNA-seq/Mapped_data/181R_Q/181RQ-181R-Q-865-4196-ZT12-27C_S17_fastq_gz-A_thaliana__TAIR10__Lexogen_QuantSeq_2_2_3_FWD-bbc468c4-64e0-41cb-9754-05676cad8d61_output-folder/star_out/181R-Q-865-4196-ZT12-27C_S17.fastq.gz/read_counts.tsv,,,,,,181R-Q-865-4196-ZT12-27C_S17,865,13711948.0,14861877.0,181R
181RS19,Ath,unknown,181R,ZT12,COL,,27C,S19,,12,/media/pw_synology3/PW_HiSeq_data/RNA-seq/Mapped_data/181R_Q/181RQ-181R-Q-867-Col-ZT12-27C_S19_fastq_gz-A_thaliana__TAIR10__Lexogen_QuantSeq_2_2_3_FWD-185e7b3f-9fee-4a8a-a234-17529058b25d_output-folder/star_out/181R-Q-867-Col-ZT12-27C_S19.fastq.gz/read_counts.tsv,,,,,,181R-Q-867-Col-ZT12-27C_S19,867,9949862.0,10867068.0,181R
181RS20,Ath,unknown,181R,ZT12,ELF3-OX AT,,27C,S20,,12,/media/pw_synology3/PW_HiSeq_data/RNA-seq/Mapped_data/181R_Q/181RQ-181R-Q-868-1480-ZT12-27C_S20_fastq_gz-A_thaliana__TAIR10__Lexogen_QuantSeq_2_2_3_FWD-3dd4bc48-3944-45e8-9413-f5be139cd036_output-folder/star_out/181R-Q-868-1480-ZT12-27C_S20.fastq.gz/read_counts.tsv,,,,,,181R-Q-868-1480-ZT12-27C_S20,868,11231253.0,12513787.0,181R
181RS22,Ath,adult,181R,ZT12,ELF3-OX BD,,27C,S22,,12,/media/pw_synology3/PW_HiSeq_data/RNA-seq/Mapped_data/181R_Q/181RQ-181R-Q-870-4196-ZT12-27C-adult_S22_fastq_gz-A_thaliana__TAIR10__Lexogen_QuantSeq_2_2_3_FWD-677615ac-d88b-45ab-92f4-29d54b920090_output-folder/star_out/181R-Q-870-4196-ZT12-27C-adult_S22.fastq.gz/read_counts.tsv,,,,,,181R-Q-870-4196-ZT12-27C-adult_S22,870,9992355.0,11033804.0,181R
181RS23,Ath,adult,181R,ZT12,ELF3,,27C,S23,,12,/media/pw_synology3/PW_HiSeq_data/RNA-seq/Mapped_data/181R_Q/181RQ-181R-Q-871-elf3-ZT12-27C-adult_S23_fastq_gz-A_thaliana__TAIR10__Lexogen_QuantSeq_2_2_3_FWD-d15bc1c4-3876-48a0-ad18-1c6018779a74_output-folder/star_out/181R-Q-871-elf3-ZT12-27C-adult_S23.fastq.gz/read_counts.tsv,,,,,,181R-Q-871-elf3-ZT12-27C-adult_S23,871,10957307.0,11864903.0,181R
181RS24,Ath,adult,181R,ZT12,COL,,27C,S24,,12,/media/pw_synology3/PW_HiSeq_data/RNA-seq/Mapped_data/181R_Q/181RQ-181R-Q-872-Col-ZT12-27C-adult_S24_fastq_gz-A_thaliana__TAIR10__Lexogen_QuantSeq_2_2_3_FWD-8c6d4e3d-f036-4040-ae5f-8fa01f0f1353_output-folder/star_out/181R-Q-872-Col-ZT12-27C-adult_S24.fastq.gz/read_counts.tsv,,,,,,181R-Q-872-Col-ZT12-27C-adult_S24,872,15891025.0,17057549.0,181R
181RS25,Ath,adult,181R,ZT12,ELF3-OX AT,,27C,S25,,12,/media/pw_synology3/PW_HiSeq_data/RNA-seq/Mapped_data/181R_Q/181RQ-181R-Q-873-1480-ZT12-27C-adult_S25_fastq_gz-A_thaliana__TAIR10__Lexogen_QuantSeq_2_2_3_FWD-82d0cb03-0956-4693-874f-b41e8ae462cf_output-folder/star_out/181R-Q-873-1480-ZT12-27C-adult_S25.fastq.gz/read_counts.tsv,,,,,,181R-Q-873-1480-ZT12-27C-adult_S25,873,12061945.0,12911362.0,181R
181RS26,Ath,adult,181R,ZT12,COL,,27C,S26,,12,/media/pw_synology3/PW_HiSeq_data/RNA-seq/Mapped_data/181R_Q/181RQ-181R-Q-874-Col-ZT12-27C-adult_S26_fastq_gz-A_thaliana__TAIR10__Lexogen_QuantSeq_2_2_3_FWD-ae75a350-83f5-46e4-bfb0-454459f039a0_output-folder/star_out/181R-Q-874-Col-ZT12-27C-adult_S26.fastq.gz/read_counts.tsv,,,,,,181R-Q-874-Col-ZT12-27C-adult_S26,874,9790567.0,10480228.0,181R
181RS27,Ath,adult,181R,ZT12,1487,,27C,S27,,12,/media/pw_synology3/PW_HiSeq_data/RNA-seq/Mapped_data/181R_Q/181RQ-181R-Q-875-1487-ZT12-27C-adult_S27_fastq_gz-A_thaliana__TAIR10__Lexogen_QuantSeq_2_2_3_FWD-d111dcd2-013d-46ec-84ff-17c7123c2370_output-folder/star_out/181R-Q-875-1487-ZT12-27C-adult_S27.fastq.gz/read_counts.tsv,,,,,,181R-Q-875-1487-ZT12-27C-adult_S27,875,7079070.0,7636322.0,181R
